,smis.uni
0,*C(C(O)C1(O))C(CO)OC1O*
1,*CC(C1=CC=CC=C1)CC(C2=CC=CC=C2)CC(C3=CC=CC=C3)CC(C4=CC=CC=C4)*
2,*CC(C)CC(C)CC(C)*
3,*C(F)C(F)(F)*
4,*C(S1)=CC=C1C(S2)=CC=C2*
5,*C(OC1=C2)=NC1=CC=C2C(=NC3=C4)OC3=CC=C4*
6,*C(C(F)(F)(F))OCC(C(F)(F)(F))OC*
7,*CCCCCOC(=O)CCCCCOC(=O)*
8,*CCC(C(F)(F)(F))(C(F)(F)(F))OCCC(C(F)(F)(F))(C(F)(F)(F))O*
9,*CCCCC(=O)OCCOC(=O)*
10,*CCOCCO*
11,*CCOC(=O)CCCCCCC(=O)O*
12,*CC(=O)OCC(=O)O*
13,*COCO*
14,*C(C=C1)=CC=C1SC(C=C2)=CC=C2S*
15,*CCCCCS*
16,*CC(C=C1)=CC=C1C*
17,*CCC(F)(F)C(F)(F)*
18,*C(C=C1)=CC=C1C(=O)OCCCCOC(=O)*
19,*CCCOC(=O)CCCCCCCCOC(=O)CCCOC(=O)CCCCCCCCOC(=O)*
20,*CC(F)CC(F)*
21,*CC(F)(F)CC(F)(F)*
22,*CC(C)CC(C)CC(C)CC(C)*
23,*C(C=C1)=CC=C1C(=O)OCCOC(=O)*
24,*CC(C1=CC=CC=N1)CC(C2=CC=CC=N2)CC(C3=CC=CC=N3)*
25,*CC(=O)NCC(=O)N*
26,*NC(=O)C(=C1)C=CC=C1NC(=O)C(=C2)C=CC=C2*
27,*C(=CC=C1)N=C1C(=CC=C2)N=C2*
28,*C(=NC1=C2)OC1=CC(O3)=C2N=C3C(C=C4)=CC=C4*
29,*C(S1)=CC=C1*
30,*C(S1)=CC=C1C(S2)=CC=C2C(S3)=CC=C3C(=S)*
31,*C(S1)=CC=C1C(S2)=CC=C2C(S3)=CC=C3O*
32,*C(S1)=CC=C1C(S2)=CC=C2OC(=S)*
33,*C(S1)=CC=C1C(=S)C(S2)=CC=C2O*
34,*C(S1)=CC=C1C(=S)OC(=S)*
35,*C(S1)=CC=C1OC(S2)=CC=C2O*
36,*C(S1)=CC=C1OC(=S)O*
37,*C(C=C1)=CC=C1C(S2)=CC=C2C(S3)=CC=C3C(S4)=CC=C4*
38,*C(C=C1)=CC=C1C(S2)=CC=C2C(S3)=CC=C3O*
39,*C(C=C1)=CC=C1C(S2)=CC=C2C(C=C3)=CC=C3C(S4)=CC=C4*
40,*C(C=C1)=CC=C1C(S2)=CC=C2C(C=C3)=CC=C3C(=S)*
41,*C(C=C1)=CC=C1C(S2)=CC=C2C(C=C3)=CC=C3O*
42,*C(C=C1)=CC=C1C(S2)=CC=C2C(=S)C(S3)=CC=C3*
43,*C(C=C1)=CC=C1C(S2)=CC=C2OC(S3)=CC=C3*
44,*C(C=C1)=CC=C1C(S2)=CC=C2OC(=S)*
45,*C(C=C1)=CC=C1C(C=C2)=CC=C2C(S3)=CC=C3C(S4)=CC=C4*
46,*C(C=C1)=CC=C1C(C=C2)=CC=C2C(S3)=CC=C3C(=S)*
47,*C(C=C1)=CC=C1C(C=C2)=CC=C2C(S3)=CC=C3O*
48,*C(C=C1)=CC=C1C(C=C2)=CC=C2C(C=C3)=CC=C3C(S4)=CC=C4*
49,*C(C=C1)=CC=C1*
50,*C(C=C1)=CC=C1C(C=C2)=CC=C2C(C=C3)=CC=C3C(=S)*
51,*C(C=C1)=CC=C1C(C=C2)=CC=C2C(C=C3)=CC=C3O*
52,*C(C=C1)=CC=C1C(C=C2)=CC=C2C(=S)O*
53,*C(C=C1)=CC=C1C(=S)C(S2)=CC=C2C(S3)=CC=C3*
54,*C(C=C1)=CC=C1C(=S)C(S2)=CC=C2C(=S)*
55,*C(C=C1)=CC=C1C(=S)C(S2)=CC=C2O*
56,*C(C=C1)=CC=C1C(=S)C(C=C2)=CC=C2C(=S)*
57,*C(C=C1)=CC=C1C(=S)C(C=C2)=CC=C2O*
58,*C(C=C1)=CC=C1C(=S)OC(=S)*
59,*C(C=C1)=CC=C1OC(S2)=CC=C2O*
60,*C(C=C1)=CC=C1OC(=S)C(S2)=CC=C2*
61,*C(C=C1)=CC=C1OC(=S)O*
62,*CC(S1)=CC=C1C(S2)=CC=C2C(S3)=CC=C3*
63,*CC(S1)=CC=C1C(S2)=CC=C2C(=S)*
64,*CC(S1)=CC=C1C(S2)=CC=C2O*
65,*CC(S1)=CC=C1C(C=C2)=CC=C2C(S3)=CC=C3*
66,*CC(S1)=CC=C1C(C=C2)=CC=C2C(=S)*
67,*CC(S1)=CC=C1C(C=C2)=CC=C2O*
68,*CC(S1)=CC=C1CC(S2)=CC=C2*
69,*CC(S1)=CC=C1CC(=S)*
70,*CC(S1)=CC=C1CO*
71,*CC(S1)=CC=C1C(=O)C(S2)=CC=C2*
72,*CC(S1)=CC=C1C(=O)C(=S)*
73,*CC(S1)=CC=C1C(=O)O*
74,*CC(S1)=CC=C1C(=S)C(S2)=CC=C2*
75,*CC(S1)=CC=C1C(=S)O*
76,*CC(S1)=CC=C1NC(S2)=CC=C2*
77,*CC(S1)=CC=C1NC(=S)*
78,*CC(S1)=CC=C1NO*
79,*CC(S1)=CC=C1OC(S2)=CC=C2*
80,*CC(S1)=CC=C1OC(=S)*
81,*CC(C=C1)=CC=C1C(S2)=CC=C2C(S3)=CC=C3*
82,*CC(C=C1)=CC=C1C(S2)=CC=C2C(C=C3)=CC=C3*
83,*CC(C=C1)=CC=C1C(S2)=CC=C2C(=S)*
84,*CC(C=C1)=CC=C1C(C=C2)=CC=C2C(S3)=CC=C3*
85,*CC(C=C1)=CC=C1C(C=C2)=CC=C2C(C=C3)=CC=C3*
86,*CC(C=C1)=CC=C1C(C=C2)=CC=C2C(=S)*
87,*CC(C=C1)=CC=C1CC(S2)=CC=C2*
88,*CC(C=C1)=CC=C1CC(C=C2)=CC=C2*
89,*CC(C=C1)=CC=C1CC(=S)*
90,*CC(C=C1)=CC=C1CO*
91,*CC(C=C1)=CC=C1C(=O)C(S2)=CC=C2*
92,*CC(C=C1)=CC=C1C(=O)C(C=C2)=CC=C2*
93,*CC(C=C1)=CC=C1C(=O)C(=S)*
94,*CC(C=C1)=CC=C1C(=O)O*
95,*CC(C=C1)=CC=C1C(=S)C2=CC=C(S2)*
96,*CC(C=C1)=CC=C1C(=S)C(C=C2)=CC=C2*
97,*CC(C=C1)=CC=C1C(=S)O*
98,*CC(C=C1)=CC=C1NC2=CC=C(S2)*
99,*CC(C=C1)=CC=C1NC(C=C2)=CC=C2*
100,*CC(C=C1)=CC=C1NC(=S)*
101,*CC(C=C1)=CC=C1NO*
102,*CC(C=C1)=CC=C1OC2=CC=C(S2)*
103,*CC(C=C1)=CC=C1OC(C=C2)=CC=C2*
104,*CC(C=C1)=CC=C1OC(=S)*
105,*CCC1=CC=C(S1)C2=CC=C(S2)*
106,*CCC1=CC=C(S1)C(=S)*
107,*CCC1=CC=C(S1)O*
108,*CCC(C=C1)=CC=C1C2=CC=C(S2)*
109,*CCC(C=C1)=CC=C1C(C=C2)=CC=C2*
110,*CCC(C=C1)=CC=C1C(=S)*
111,*CCC(C=C1)=CC=C1O*
112,*CCCC1=CC=C(S1)*
113,*CCCC(C=C1)=CC=C1*
114,*CCCC*
115,*CCCC(=O)*
116,*CCCC(=S)*
117,*CCCN*
118,*CCCO*
119,*CCC(=O)C1=CC=C(S1)*
120,*CCC(=O)C(C=C1)=CC=C1*
121,*CCC(=O)C(=S)*
122,*CCC(=O)O*
123,*CCC(=S)O*
124,*CCNC1=CC=C(S1)*
125,*CCNC(C=C1)=CC=C1*
126,*CCNC(=S)*
127,*CCON*
128,*CC(=O)C1=CC=C(S1)C2=CC=C(S2)*
129,*CC(=O)C1=CC=C(S1)C(C=C2)=CC=C2*
130,*CC(=O)C1=CC=C(S1)C(=O)*
131,*CC(=O)C1=CC=C(S1)C(=S)*
132,*CC(=O)C1=CC=C(S1)O*
133,*CC(=O)C(C=C1)=CC=C1C2=CC=C(S2)*
134,*CC(=O)C(C=C1)=CC=C1C(C=C2)=CC=C2*
135,*CC(=O)C(C=C1)=CC=C1C(=O)*
136,*CC(=O)C(C=C1)=CC=C1C(=S)*
137,*CC(=O)C(C=C1)=CC=C1O*
138,*CC(=O)CC1=CC=C(S1)*
139,*CC(=O)CC(C=C1)=CC=C1*
140,*CC(=O)CC(=O)*
141,*CC(=O)CC(=S)*
142,*CC(=O)CO*
143,*CC(=O)C(=S)C1=CC=C(S1)*
144,*CC(=O)C(=S)C(C=C1)=CC=C1*
145,*CC(=O)C(=S)C(=O)*
146,*CC(=O)C(=S)O*
147,*CC(=O)NC1=CC=C(S1)*
148,*CC(=O)NC(C=C1)=CC=C1*
149,*CC(=O)NC(=O)*
150,*CC(=O)NC(=S)*
151,*CC(=O)OC1=CC=C(S1)*
152,*CC(=O)OC(C=C1)=CC=C1*
153,*CC(=O)OC(=O)*
154,*CC(=O)OC(=S)*
155,*CC(=S)C1=CC=C(S1)C(=S)*
156,*CC(=S)C1=CC=C(S1)O*
157,*CC(=S)C(C=C1)=CC=C1C(=S)*
158,*CC(=S)C(C=C1)=CC=C1N*
159,*CC(=S)C(C=C1)=CC=C1O*
160,*CC(=S)CC(=S)*
161,*CC(=S)CO*
162,*CC(=S)C(=O)C(=S)*
163,*CC(=S)C(=O)O*
164,*CC(=S)NC(=S)*
165,*CC(=S)NO*
166,*CC(=S)OC(=S)*
167,*CNC1=CC=C(S1)C(C=C2)=CC=C2*
168,*CNC1=CC=C(S1)C(=O)*
169,*CNC1=CC=C(S1)C(=S)*
170,*CNC1=CC=C(S1)N*
171,*CNC1=CC=C(S1)O*
172,*CNC(C=C1)=CC=C1C2=CC=C(S2)*
173,*CNC(C=C1)=CC=C1N*
174,*CNC(C=C1)=CC=C1O*
175,*CNCC1=CC=C(S1)*
176,*CNCC(C=C1)=CC=C1*
177,*CNCC(=O)*
178,*CNCC(=S)*
179,*CNCN*
180,*CNCO*
181,*CNC(=O)C1=CC=C(S1)*
182,*CNC(=O)C(C=C1)=CC=C1*
183,*CNC(=O)C(=S)*
184,*CNC(=S)C1=CC=C(S1)*
185,*CNC(=S)C(C=C1)=CC=C1*
186,*CNC(=S)C(=O)*
187,*CNC(=S)N*
188,*CNC(=S)O*
189,*CNOC1=CC=C(S1)*
190,*CNOC(C=C1)=CC=C1*
191,*CNOC(=S)*
192,*CNON*
193,*COC1=CC=C(S1)C(C=C2)=CC=C2*
194,*COC1=CC=C(S1)O*
195,*COC(C=C1)=CC=C1O*
196,*COC(=O)O*
197,*COC(=S)O*
198,*CONC(=O)*
199,*CONO*
200,*C(=O)C1=CC=C(S1)C2=CC=C(S2)C3=CC=C(S3)*
201,*C(=O)C1=CC=C(S1)C2=CC=C(S2)C(=S)*
202,*C(=O)C1=CC=C(S1)C2=CC=C(S2)O*
203,*C(=O)C1=CC=C(S1)C(C=C2)=CC=C2C3=CC=C(S3)*
204,*C(=O)C1=CC=C(S1)C(C=C2)=CC=C2C(=S)*
205,*C(=O)C1=CC=C(S1)C(C=C2)=CC=C2O*
206,*C(=O)C1=CC=C(S1)C(=O)C2=CC=C(S2)*
207,*C(=O)C1=CC=C(S1)C(=O)C(=S)*
208,*C(=O)C1=CC=C(S1)C(=O)O*
209,*C(=O)C1=CC=C(S1)C(=S)C2=CC=C(S2)*
210,*C(=O)C1=CC=C(S1)C(=S)O*
211,*C(=O)C1=CC=C(S1)OC2=CC=C(S2)*
212,*C(=O)C1=CC=C(S1)OC(=S)*
213,*C(=O)C(C=C1)=CC=C1C2=CC=C(S2)C3=CC=C(S3)*
214,*C(=O)C(C=C1)=CC=C1C2=CC=C(S2)C(C=C3)=CC=C3*
215,*C(=O)C(C=C1)=CC=C1C2=CC=C(S2)C(=S)*
216,*C(=O)C(C=C1)=CC=C1C2=CC=C(S2)O*
217,*C(=O)C(C=C1)=CC=C1C(C=C2)=CC=C2C3=CC=C(S3)*
218,*C(=O)C(C=C1)=CC=C1C(C=C2)=CC=C2C(C=C3)=CC=C3*
219,*C(=O)C(C=C1)=CC=C1C(C=C2)=CC=C2C(=S)*
220,*C(=O)C(C=C1)=CC=C1C(C=C2)=CC=C2O*
221,*C(=O)C(C=C1)=CC=C1C(=O)C2=CC=C(S2)*
222,*C(=O)C(C=C1)=CC=C1C(=O)C(C=C2)=CC=C2*
223,*C(=O)C(C=C1)=CC=C1C(=O)C(=S)*
224,*C(=O)C(C=C1)=CC=C1C(=O)O*
225,*C(=O)C(C=C1)=CC=C1C(=S)C2=CC=C(S2)*
226,*C(=O)C(C=C1)=CC=C1C(=S)C(C=C2)=CC=C2*
227,*C(=O)C(C=C1)=CC=C1C(=S)O*
228,*C(=O)C(C=C1)=CC=C1OC2=CC=C(S2)*
229,*C(=O)C(C=C1)=CC=C1OC(C=C2)=CC=C2*
230,*C(=O)C(C=C1)=CC=C1OC(=S)*
231,*C(=O)C(=S)OC(=S)*
232,*C(=O)OC1=CC=C(S1)C(=S)*
233,*C(=O)OC1=CC=C(S1)O*
234,*C(=O)OC(C=C1)=CC=C1C(=S)*
235,*C(=O)OC(C=C1)=CC=C1O*
236,*C(=O)OC(=O)O*
237,*C(=O)OC(=S)O*
238,*NC1=CC=C(S1)C2=CC=C(S2)C3=CC=C(S3)*
239,*NC1=CC=C(S1)C2=CC=C(S2)C*
240,*NC1=CC=C(S1)C2=CC=C(S2)C(=O)*
241,*NC1=CC=C(S1)C2=CC=C(S2)C(=S)*
242,*NC1=CC=C(S1)C(C=C2)=CC=C2C3=CC=C(S3)*
243,*NC1=CC=C(S1)C(C=C2)=CC=C2C(=S)*
244,*NC1=CC=C(S1)C(=O)C2=CC=C(S2)*
245,*NC1=CC=C(S1)C(=O)C(=S)*
246,*NC1=CC=C(S1)C(=O)O*
247,*NC1=CC=C(S1)C(=S)C2=CC=C(S2)*
248,*NC1=CC=C(S1)C(=S)C(C=C2)=CC=C2*
249,*NC1=CC=C(S1)NC2=CC=C(S2)*
250,*NC1=CC=C(S1)NC(=S)*
251,*NC1=CC=C(S1)OC2=CC=C(S2)*
252,*NC1=CC=C(S1)OC(=S)*
253,*NC(C=C1)=CC=C1C2=CC=C(S2)C3=CC=C(S3)*
254,*NC(C=C1)=CC=C1C2=CC=C(S2)C(C=C3)=CC=C3*
255,*NC(C=C1)=CC=C1C2=CC=C(S2)C(=S)*
256,*NC(C=C1)=CC=C1C(C=C2)=CC=C2C3=CC=C(S3)*
257,*NC(C=C1)=CC=C1C(C=C2)=CC=C2C(C=C3)=CC=C3*
258,*NC(C=C1)=CC=C1C(C=C2)=CC=C2C*
259,*NC(C=C1)=CC=C1C(C=C2)=CC=C2C(=S)*
260,*NC(C=C1)=CC=C1C(C=C2)=CC=C2O*
261,*NC(C=C1)=CC=C1C(=O)C2=CC=C(S2)*
262,*NC(C=C1)=CC=C1C(=O)C(C=C2)=CC=C2*
263,*NC(C=C1)=CC=C1C(=O)C(=S)*
264,*NC(C=C1)=CC=C1C(=O)O*
265,*NC(C=C1)=CC=C1C(=S)C(C=C2)=CC=C2*
266,*NC(C=C1)=CC=C1NC2=CC=C(S2)*
267,*NC(C=C1)=CC=C1NC(C=C2)=CC=C2*
268,*NC(C=C1)=CC=C1NO*
269,*NC(C=C1)=CC=C1OC2=CC=C(S2)*
270,*NC(C=C1)=CC=C1OC(C=C2)=CC=C2*
271,*NC(C=C1)=CC=C1OC(=S)*
272,*NC(=O)C1=CC=C(S1)C(C=C2)=CC=C2*
273,*NC(=O)C1=CC=C(S1)C(=O)*
274,*NC(=O)C1=CC=C(S1)C(=S)*
275,*NC(=O)C1=CC=C(S1)O*
276,*NC(=O)C(C=C1)=CC=C1C2=CC=C(S2)*
277,*NC(=O)C(C=C1)=CC=C1C(C=C2)=CC=C2*
278,*NC(=O)C(C=C1)=CC=C1C(=S)*
279,*NC(=O)C(C=C1)=CC=C1O*
280,*NC(=O)C(=S)C1=CC=C(S1)*
281,*NC(=O)C(=S)C(C=C1)=CC=C1*
282,*NC(=O)C(=S)C(=O)*
283,*NC(=O)C(=S)O*
284,*NC(=O)NC1=CC=C(S1)*
285,*NC(=O)*
286,*NC(=O)NC(=S)*
287,*NC(=O)NO*
288,*NC(=O)OC(=C1)SC(=C1)*
289,*NC(=O)OC(C=C1)=CC=C1*
290,*NC(=O)OC(=S)*
291,*NC(=S)C(=C1)SC(=C1)C(=S)*
292,*NC(=S)C(=C1)SC(=C1)O*
293,*NC(=S)C(C=C1)=CC=C1O*
294,*NC(=S)C(=O)C(=S)*
295,*NC(=S)C(=O)O*
296,*NC(=S)NC(C=C1)=CC=C1*
297,*NC(=S)NC(=S)*
298,*NC(=S)NO*
299,*NC(=S)OC(=S)*
300,*NOC(C=C1)=CC=C1O*
301,*NOC(=O)O*
302,*NOC(=S)O*
303,*NC(=S)NC(C=C1)=CC=C1NC(=S)NC(C=C2)=CC=C2OC(C=C3)=CC=C3*
304,*NC(=S)NC(C=C1)=CC=C1NC(=S)NC(C=C2)=CC=C2CC(C=C3)=CC=C3*
305,*NC(=S)NC(C=C1)=CC=C1NC(=S)NCCCCCC*
306,*NC(=S)NC(C=C1)=CC=C1CC(C=C2)=CC=C2*
307,*CCOCCOC(=O)NC(=CC=C1(C))C=C1NC(=O)O*
308,*CCCCCOC(=O)NC(=CC=C1(C))C=C1NC(=O)O*
309,*CNC(C=C1)=CC=C1C(=O)*
310,*C(C=C1)=CC=C1C(C=C2)=CC=C2CO*
311,*C(C=C1)=CC=C1NC(=O)N*
312,*C(C=C1)=CC=C1C(=O)NC(=O)*
313,*NC(=O)OC(=O)*
314,*C(=O)C(=S)C(=O)O*
315,*CCNC(=O)*
316,*N(C(=O)C1=C2)C(=O)C1=CC=C2C(=O)C(=CC=C3C4(=O))C=C3C(=O)N4CCCCCC*
317,*N(C(=O)C1=C2)C(=O)C1=CC=C2C(=O)C(=CC=C3C4(=O))C=C3C(=O)N4C(C)COCCOCCOC(C)COCC(C)*
318,*C(S1)=CC=C1C(S2)=CC=C2C(=S)C(S3)=CC=C3C(=O)NC(=O)N*
319,*C(S1)=CC=C1C(=S)C(S2)=CC=C2C(=S)C(=O)NC(C=C3)=CC=C3C(S4)=CC=C4*
320,*C(C=C1)=CC=C1C(C=C2)=CC=C2CC(=S)C(S3)=CC=C3C(=S)CO*
321,*C(C=C1)=CC=C1NC(S2)=CC=C2C(S3)=CC=C3C(=S)C(S4)=CC=C4C(S5)=CC=C5N*
322,*C(C=C1)=CC=C1NC(C=C2)=CC=C2C(=S)NC(S3)=CC=C3C(=O)N*
323,*C(C=C1)=CC=C1OC(=O)CC(=O)CCO*
324,*CCCCNC(=O)CC*
325,*CCC(=O)OC(=O)CC(C=C1)=CC=C1C(C=C2)=CC=C2*
326,*CCOC(=O)NCCO*
327,*CCOC(=O)OCCO*
328,*CCOC(=S)NC(=S)C(C=C1)=CC=C1N*
329,*CNCCCOCO*
330,*CNCNC(=O)NC(=O)N*
331,*CNC(=O)NCOCO*
332,*CNC(=O)ONC(=O)NO*
333,*COCOCCCC*
334,*COCOCCCO*
335,*COC(=O)NCCNC*
336,*C(=O)C(S1)=CC=C1NC(=S)OC(S2)=CC=C2NC(S3)=CC=C3*
337,*C(=O)NC(=O)CNC(=O)ON*
338,*C(=O)NC(=O)NCCCN*
339,*C(=O)NC(=O)NC(=O)NC(S1)=CC=C1N*
340,*C(=O)NC(=O)OC(=O)NCN*
341,*C(=O)NOCCCCO*
342,*C(=O)NONC(=O)NC(S1)=CC=C1N*
343,*C(=O)OCCCCCO*
344,*C(=S)C(=O)CCNC(C=C1)=CC=C1C(=S)C(C=C2)=CC=C2*
345,*OC(C=C1)=CC=C1C(=O)C(S2)=CC=C2C(=O)NOC(=O)*
346,*C(F)(F)C(S1)=CC=C1C(F)(F)C(S2)=CC=C2*
347,*C(F)(F)C(S1)=CC=C1C(F)(F)C(=S)*
348,*C(F)(F)C(S1)=CC=C1C(F)(F)O*
349,*C(F)(F)C(C=C1)=CC=C1C(F)(F)C(S2)=CC=C2*
350,*C(F)(F)C(C=C1)=CC=C1C(F)(F)C(C=C2)=CC=C2*
351,*C(F)(F)C(C=C1)=CC=C1C(F)(F)C(=S)*
352,*C(F)(F)C(C=C1)=CC=C1C(F)(F)O*
353,*C(F)(F)C(F)(F)C(S1)=CC=C1C(S2)=CC=C2*
354,*C(F)(F)C(F)(F)C(S1)=CC=C1C(=S)*
355,*C(F)(F)C(F)(F)C(S1)=CC=C1O*
356,*C(F)(F)C(F)(F)C(C=C1)=CC=C1C(S2)=CC=C2*
357,*C(F)(F)C(F)(F)C(C=C1)=CC=C1C(C=C2)=CC=C2*
358,*C(F)(F)C(F)(F)C(C=C1)=CC=C1C(=S)*
359,*C(F)(F)C(F)(F)C(C=C1)=CC=C1O*
360,*C(F)(F)C(F)(F)CC(S1)=CC=C1*
361,*C(F)(F)C(F)(F)CC(C=C1)=CC=C1*
362,*C(F)(F)C(F)(F)CC(=O)*
363,*C(F)(F)C(F)(F)CC(=S)*
364,*C(F)(F)C(F)(F)CN*
365,*C(F)(F)C(F)(F)CO*
366,*C(F)(F)C(F)(F)C(=O)C(S1)=CC=C1*
367,*C(F)(F)C(F)(F)C(=O)C(C=C1)=CC=C1*
368,*C(F)(F)C(F)(F)C(=O)C(=S)*
369,*C(F)(F)C(F)(F)C(=O)O*
370,*C(F)(F)C(F)(F)C(=S)O*
371,*C(F)(F)C(F)(F)NC(S1)=CC=C1*
372,*C(F)(F)C(F)(F)NC(C=C1)=CC=C1*
373,*C(F)(F)C(F)(F)NC(=O)*
374,*C(F)(F)C(F)(F)NC(=S)*
375,*C(F)(F)C(F)(F)ON*
376,*C(F)(F)CC(F)(F)C(S1)=CC=C1*
377,*C(F)(F)CC(F)(F)C(C=C1)=CC=C1*
378,*C(F)(F)CC(F)(F)C(=O)*
379,*C(F)(F)CC(F)(F)C(=S)*
380,*C(F)(F)CC(F)(F)N*
381,*C(F)(F)CC(F)(F)O*
382,*C(F)(F)C(=O)C(F)(F)C(S1)=CC=C1*
383,*C(F)(F)C(=O)C(F)(F)C(C=C1)=CC=C1*
384,*C(F)(F)C(=O)C(F)(F)C(=O)*
385,*C(F)(F)C(=O)C(F)(F)O*
386,*C(F)(F)C(=S)C(F)(F)O*
387,*C(F)(F)NC(F)(F)C(S1)=CC=C1*
388,*C(F)(F)NC(F)(F)C(C=C1)=CC=C1*
389,*C(F)(F)NC(F)(F)C(=O)*
390,*C(F)(F)NC(F)(F)C(=S)*
391,*C(F)(F)NC(F)(F)N*
392,*C(F)(F)NC(F)(F)O*
393,*C(F)(F)OC(F)(F)O*
394,[*]CC([*])(C(=O)N)
395,C([*])C([*])(C(=O)NC(C)C)
396,C([*])C([*])(C(=O)NCCCCCCCC)
397,C([*])C([*])(C(=O)NC(C)(C)C)
398,C([*])C([*])(C(=O)NC1=CC=CC=C1)
399,C([*])C([*])(C(=O)NC(C)CC)
400,C([*])C([*])(C(=O)O)
401,C([*])C([*])(C(=O)OCC1=CC=CC=C1)
402,C([*])C([*])(C(=O)OCCCC)
403,C([*])C([*])(C(=O)OC(C=C1)=CC=C1[Cl])
404,C([*])C([*])(C(=O)OCCC#N)
405,C([*])C([*])(C(=O)OCC#N)
406,C([*])C([*])(C(=O)OC1CCCCC1)
407,C([*])C([*])(C(=O)OCC)
408,C([*])C([*])(C(=O)OCC(CC)CCCC)
409,C([*])C([*])(C(=O)OCC)([Cl])
410,C([*])C([*])(C(=O)OCCCCCC)
411,C([*])C([*])(C(=O)OCC(C)C)
412,C([*])C([*])(C(=O)OC(C)C)
413,C([*])C([*])(C(=O)OC)
414,C([*])C([*])(C(=O)OCCCCCCCC)
415,C([*])C([*])(C(=O)OCCC)
416,C([*])C([*])(C(=O)OCCC)([Cl])
417,C([*])C([*])(C(=O)OC(C)CC)
418,C([*])C([*])(C(=O)OCCCCCCCCCCCCCCCCCC)
419,C([*])C([*])(C(=O)OC(C)(C)C)
420,C([*])C([*])(C(=O)OCC(F)(F)C(F)F)
421,C([*])C([*])(CC)
422,C([*])C([*])(CCCC)
423,C([*])C([*])(C1CCCCC1)
424,C([*])C([*])(CCCCCCC)
425,C([*])C([*])(CCCCCC)
426,C([*])C([*])(C)(C)
427,C([*])(CC(C)C)C([*])
428,C([*])(C(C)C)C([*])
429,C([*])(C)(CC)C([*])
430,C([*])(CCCCCCCC)C([*])
431,C([*])C([*])(CCCCC)
432,C([*])C([*])(CCC)
433,C([*])C([*])(C(C)(C)C)
434,O([*])C(COCCCC)C([*])
435,O([*])CC([*])(C[Cl])
436,C([*])CCCCCO([*])
437,O([*])C(COC)C([*])
438,O([*])C(COCCCCCC)C([*])
439,C([*])COCO([*])
440,C([*])CCCOCO([*])
441,O([*])C(C)C([*])
442,C([*])CCCO([*])
443,C([*])(C[Cl])(C[Cl])CCO([*])
444,N([*])CCCCCC([*])(=O)
445,N([*])C(=O)CCCCCCCCCC([*])
446,N([*])C(=O)CCCCCCCCCCC([*])
447,N([*])C(=O)CCCCC(=O)NCCCCCC([*])
448,N([*])C(=O)CCCCCCCCC(=O)NCCCCCC([*])
449,N([*])C(=O)CCCCCCCCCCC(=O)NCCCCCC([*])
450,N([*])C(=O)CCCCCCC([*])
451,N([*])C(=O)C(C=C1)=CC=C1C(=O)NCCCCCC([*])
452,N([*])C(C=C1)=CC=C1NC(=O)C(C=C2)=CC=C2C([*])(=O)
453,N([*])C(=C1)C=CC=C1NC(=O)C(=C2)C=CC=C2C([*])(=O)
454,O([*])C(=O)C(C=C1)=CC=C1CCCCCC(C=C2)=CC=C2C([*])(=O)
455,O([*])C(=O)C(C=C1)=CC=C1CCCCC(C=C2)=CC=C2C([*])(=O)
456,O([*])C(=O)CCCCCCCC([*])(=O)
457,C([*])(=O)C(C=C1)=CC=C1C(=O)OC(C=C2)=CC=C2C(C)(C)C(C=C3)=CC=C3O([*])
458,O([*])C(=O)C(=CC=C1)C=C1C(=O)OCCCC([*])
459,O([*])CCCCOC(=O)CCCCCCCCC([*])(=O)
460,O([*])CCOC(=O)CCCCCCCCC([*])(=O)
461,O([*])CCOC(=O)CCC([*])(=O)
462,O([*])C(=O)C(=C1)C=CC=C1C(=O)OCC([*])
463,O([*])CCOC(=O)C(C=C1)=CC(C=C2)=C1C=C2C([*])(=O)
464,O([*])C(=O)C(C=CC=C1)=C1C(=O)OCC([*])
465,O([*])C(=O)C(C=C1)=CC=C1C(=O)OCC([*])
466,O([*])CCCCCCOC(=O)CCCCCCCCC([*])(=O)
467,C([*])(C)CC(=O)O([*])
468,C([*])(C)C(=O)O([*])
469,O([*])CCCOC(=O)CCC([*])(=O)
470,O([*])C(=O)C(C=C1)=CC=C1C(=O)OCCC([*])
471,C([*])(C=C1)=CC=C1OC(C=C2)=CC=C2C(=O)C(C=C3)=CC=C3C([*])(=O)
472,C([*])CC([*])(=O)
473,C([*])C(C)C([*])(=O)
474,C([*])C([*])(C1=C([Cl])C=CC=C1)
475,C([*])C([*])(C1=CC=C([Cl])C=C1)
476,C([*])C([*])(C1=C(F)C=CC(F)=C1)
477,C([*])C([*])(C1=CC=C(F)C=C1)
478,C([*])C([*])(C=C)
479,C([*])C=CC([*])
480,C([*])(CC)=CCC([*])
481,C([*])(C)=CCC([*])
482,C([*])C=CC([*])(C)
483,C([*])(C(=O)OC)C([*])(C(=O)OC)
484,C([*])(C(=O)OCC)C([*])(C(=O)OCC)
485,C([*])(C(=O)OCCC)C([*])(C(=O)OCCC)
486,O([*])C(=O)OC(C=C1)=CC=C1SC(C=C2)=CC=C2([*])
487,C([*])(=O)OC(C=C1)=CC=C1C(CC)(C)C(C=C2)=CC=C2O([*])
488,C([*])(=O)OC(C=C1)=CC=C1CC(C=C2)=CC=C2O([*])
489,C([*])COC(=O)O([*])
490,C([*])C(C)OC(=O)O([*])
491,C([*])(=O)OC(C([Cl])=C1)=C([Cl])C=C1C(C)(C)C(C=C2([Cl]))=CC([Cl])=C2O([*])
492,C([*])(=O)OC(C(C)=C1)=C(C)C=C1C(C)(C)C(C=C2(C))=CC(C)=C2O([*])
493,C([*])([Cl])(F)C([*])(F)(F)
494,C([*])(F)(F)C([*])(F)(F)
495,C([*])([Cl])C([*])
496,C([*])([Cl])([Cl])C([*])
497,C([*])C([*])(C#N)(C(=O)OC)
498,C([*])C([*])(C#N)(C(=O)OCC)
499,C([*])C([*])(C#N)(C(=O)OCCCC)
500,C([*])C([*])(C#N)(C(=O)OCCCCCCCC)
501,C([*])C(O)COC(C=C1)=CC=C1C(C)(C)C(C=C2)=CC=C2O([*])
502,C([*])C(O)COC(C=C1)=CC=C1CC(C=C2)=CC=C2O([*])
503,C([*])C(O)COC(C=C1)=CC=C1C(C)(C)C(C=C2)=CC=C2OCC(O)CNCCN([*])
504,C([*])C(O)COC(C=C1)=CC=C1C(C)(C)C(C=C2)=CC=C2OCC(O)CNCCCCCCN([*])
505,C([*])C(O)COC(C=C1)=CC=C1C(C)(C)C(C=C2)=CC=C2OCC(O)CNCCCCCCCCN([*])
506,C([*])C([Cl])=CC([*])
507,C([*])(C(=O)OC)(CC(=O)OC)C([*])
508,C([*])(C(=O)OCCC)(CC(=O)OCCC)C([*])
509,C([*])(C(=O)OCCCC)(C(=O)OCCCC)C([*])
510,C([*])(C(=O)OCCCCCC)(CC(=O)OCCCCCC)C([*])
511,C([*])C([*])(C)(C(=O)NC(=O)C)
512,C([*])C([*])(C)(C(=O)NCC1=CC=CC=C1)
513,C([*])C([*])(C)(C(=O)NC(C)(C)C)
514,C([*])C([*])(C)(C(=O)O)
515,C([*])C([*])(C)(C(=O)OCC1=CC=CC=C1)
516,C([*])C([*])(C)(C(=O)OCCCC)
517,C([*])C([*])(C)(C(=O)OC1CCCCC1)
518,C([*])C([*])(C)(C(=O)OCCCCCCCCCC)
519,C([*])C([*])(C)(C(=O)OCCCCCCCCCCCC)
520,C([*])C([*])(C)(C(=O)OCCOCC)
521,C([*])C([*])(C)(C(=O)OCC)
522,C([*])C([*])(C)(C(=O)OCCCCCC)
523,C([*])C([*])(C)(C(=O)OCCO)
524,C([*])C([*])(C)(C(=O)OCC(O)C)
525,C([*])C([*])(C)(C(=O)OCC(C)C)
526,C([*])C([*])(C)(C(=O)OC(C)C)
527,C([*])C([*])(C)(C(=O)OC)
528,C([*])C([*])(C)(C(=O)OCCCCCCCCCCCCCCCCCC)
529,C([*])C([*])(C)(C(=O)OCCCCCCCC)
530,C([*])C([*])(C)(C(=O)OCCC1=CC=CC=C1)
531,C([*])C([*])(C)(C(=O)OC1=CC=CC=C1)
532,C([*])C([*])(C)(C(=O)OCCC)
533,C([*])C([*])(C)(C(=O)OCC[Cl])
534,C([*])C([*])(C)(C(=O)OC(C)CC)
535,C([*])C([*])(C)(C(=O)OC1CCC(CC1)C(C)(C)C)
536,C([*])C([*])(C)(C(=O)OC(C)(C)C)
537,C([*])C(C)(C(=O)OCC(F)(F)C([*])(F)F)
538,C([*])C([*])(C1=C(OC)C=CC=C1)
539,C([*])C([*])(C)(C1=CC=CC=C1)
540,C([*])C([*])(C1=C(C)C=CC=C1)
541,C([*])C([*])(C1=CC(C)=CC=C1)
542,C([*])C([*])(C1=CC=C(C)C=C1)
543,C([*])C([*])(C(C=C1)=CC=C1C(C)(C)C)
544,C([*])C([*])(C#N)(C)
545,C([*])C(C=C1)=C([Cl])C=C1C([*])
546,O([*])C(C(C)=C1)=C(C)C=C1([*])
547,O([*])C(C(C2=CC=CC=C2)=C1)=C(C3=CC=CC=C3)C=C1([*])
548,S([*])C(C=C1)=CC=C1([*])
549,S([*])CC([*])
550,S([*])CC([*])(C)
551,O([*])CCOCCOC(=O)NCCCCCCNC([*])(=O)
552,O([*])CCOCCOCCOCCOC(=O)NCCCCCCNC([*])(=O)
553,O([*])CCCCOC(=O)NC(C=C1)=CC=C1CC(C=C2)=CC=C2NC([*])(=O)
554,O([*])CCOC(=O)NC(C=C1)=CC=C1CC(C=C2)=CC=C2NC([*])(=O)
555,C([*])(O)C([*])
556,C([*])C([*])(C1=CC=C(O)C=C1)
557,C1([*])CC(OC(CCC)O1)C([*])
558,C([*])C([*])(OC(=O)C)
559,C([*])C([*])(OC(=O)C1=CC=CC=C1)
560,C([*])C([*])(OC(=O)CCC)
561,C([*])C([*])(OC(=O)CCCCC)
562,C([*])C([*])(OC=O)
563,C([*])C([*])(OC(=O)CC)
564,C([*])C([*])(OC(=O)CCCC)
565,C([*])C([*])(OCCCC)
566,C([*])C([*])(OCC)
567,C([*])C([*])(OCC(C)C)
568,C([*])C([*])(OC(C)C)
569,C([*])C([*])(OC)
570,C([*])C([*])(OCCCCCCCC)
571,C([*])C([*])(OCCC)
572,C([*])(C(=O)CC)C([*])
573,C([*])(C(=O)C)C([*])
574,C([*])(C(=O)(C))(C)C([*])
575,C([*])(C(=O)C1=CC=CC=C1)C([*])
576,C([*])C([*])(SCCCC)
577,C([*])C([*])(SCC)
578,C([*])C([*])(SC)
579,C([*])C([*])(SC1=CC=CC=C1)
580,C([*])C([*])(SCCC)
581,C([*])=CC(C)C([*])
582,C([*])=CCCC([*])
583,C([*])=CCC(C)C([*])
584,C([*])=CCCCC([*])
585,C([*])=CCCC(C)C([*])
586,C([*])=CCCCCCCCCCCCCCCCC([*])
587,C([*])C([*])(C1=CC=C(OC)C=C1)
588,C([*])C([*])(C1=CC=C(C2=CC=CC=C2)C=C1)
589,C([*])=CC([*])(C1=CC=CC=C1)
590,C([*])C([*])(C1CCCC1)
591,C([*])(C=C1)=CC(C(C)=C2)=C1C=C2([*])
592,C([*])C([*])(OCCCCCC)
593,C([*])C([*])(OC(=O)C[Cl])
594,C([*])C([*])(OC(=O)C(F)(F)(F))
595,C([*])C([*])(N1CCCC1(=O))
596,C([*])C([*])(N3C1=CC=CC=C1C2=CC=CC=C23)
597,C([*])C([*])(C)(C(=O)OCC(CC)CC)
598,C([*])C([*])([Cl])(OC(=O)C)
599,C([*])C=C(C(C)(C)(C))C([*])
600,C([*])(C)O([*])
601,C([*])CCCCCCCO([*])
602,C([*])(C)C(C)O([*])
603,C([*])C(C1=CC=CC=C1)O([*])
604,C([*])C(C)OCO([*])
605,C([*])C(C)OC(C=C1)=CC=C1O([*])
606,C([*])CCCC(=O)OCCCCOC([*])(=O)
607,C([*])CCCCCCC(=O)OCCOC([*])(=O)
608,C([*])CCCCCCCC(=O)OCCCCCCCCCCOC([*])(=O)
609,C([*])C(C)(C)C(=O)O([*])
610,C([*])(C=C1)=CC=C1C(=O)O([*])
611,C([*])COC(C=C1)=CC=C1C(=O)O([*])
612,C([*])(C=C1)=CC=C1C(=O)OCCCCCCOC([*])(=O)
613,C([*])(C=C1)=CC=C1C(=O)OCCCCCCCCCCOC([*])(=O)
614,C([*])(C=C1)=CC=C1C(=O)OCC(CC1)CCC1COC([*])(=O)
615,N([*])C(C)CC([*])(=O)
616,N([*])CCCCCCCCC([*])(=O)
617,N([*])CCCCCCCCCC([*])(=O)
618,N([*])CCCCCCCNC(=O)CCCCCC([*])(=O)
619,N([*])CCCCCCCCNC(=O)CCCCCCC([*])(=O)
620,N([*])CCCCCCCCCNC(=O)CCCCCCCC([*])(=O)
621,N([*])CCCCCCCCCCNC(=O)CCCCCCCC([*])(=O)
622,N([*])CCCCCCCCCNC(=O)CCCCCCCCC([*])(=O)
623,N([*])C(CC1)CCC1CC(CC2)CCC2NC(=O)CCCCCCCCCCC([*])(=O)
624,N([*])CC(C=C1)=CC=C1CNC(=O)CCCCCCCCC([*])(=O)
625,N([*])CC(C)(C)CC(C)CCNC(=O)C(C=C1)=CC=C1C([*])(=O)
626,N([*])C(CN1)NCC1NC(=O)CCCCCCCCC([*])(=O)
627,O([*])C(=O)OC(C=C1)=CC=C1C(C)C(C=C2)=CC=C2([*])
628,O([*])C(=O)OC(C=C1)=CC=C1C(C)(C)C(C=C2)=CC=C2([*])
629,O([*])C(=O)OC(C=C1)=CC=C1C(CCC)C(C=C2)=CC=C2([*])
630,O([*])C(=O)OC(C=C1)=CC=C1CC(C)(C)C(C=C2)=CC=C2([*])
631,O([*])C(=O)OC(C=C1)=CC=C1C(CCC)(C)C(C=C2)=CC=C2([*])
632,O([*])C(=O)OC(C=C1)=CC=C1C(CCCC)(C)C(C=C2)=CC=C2([*])
633,O([*])C(=O)OC(C=C1)=CC=C1C(C2=CC=CC=C2)(C)C(C=C3)=CC=C3([*])
634,O([*])C(=O)OC(C=C1)=CC=C1C(C=C2)=CC=C2CC(C=C3)=CC=C3C(C=C4)=CC=C4([*])
635,O([*])C(=O)OC(C=C1)=CC=C1C2(CCCC2)C(C=C3)=CC=C3([*])
636,O([*])C(=O)OC(C=C1)=CC=C1C2(CCCCC2)C(C=C3)=CC=C3([*])
637,O([*])C(=O)OC(C=C1)=C(C)C=C1C(C)(C)C(C=C2)=CC(C)=C2([*])
638,O([*])C(=O)OC(C=C1)=C([Cl])C=C1C(C)(C)C(C=C2)=CC([Cl])=C2([*])
639,O([*])C(=O)OC(C([Cl])=C1)=C([Cl])C=C1C2(CCCCC2)C(C=C3([Cl]))=CC([Cl])=C3([*])
640,C([*])(C=C1)=CC=C1C(F)(F)C([*])(F)(F)
641,C([*])(=O)CCCCOC(C=C1)=CC=C1OC(C=C2)=CC=C2C(=O)O([*])
642,C([*])C([*])(COOc1ccccc1Cl)
643,C([*])C([*])(COOc1cc(Cl)ccc1)
644,C([*])C([*])(Cl)(CC(=O)OCCC)
645,C([*])C([*])(c1ccc(I)cc1)
646,C([*])CC(C)CCC([*])
647,C([*])C([*])(C(=O)OCc1ccco1)
648,C([*])C([*])(C(=O)OCC(F)(F)C(F)(F)C(F)(F)F)
649,C([*])C([*])(C(=O)OCCOC)
650,C([*])C([*])(C(=O)Oc2ccc1ccccc1c2)
651,C([*])C([*])(C(=O)OCc1c(Br)c(Br)c(Br)c(Br)c1Br)
652,C([*])C([*])C(=O)(OCc1c(F)c(F)c(F)c(F)c1F)
653,C([*])C([*])(C(=O)OCCc1ccccc1)
654,C([*])C([*])(C(=O)OCC(F)(F)F)
655,C([*])C([*])(C(=O)OC1CC(C)CC(C)(C)C1)
656,C([*])C([*])C(=O)(N(CCCC)CCCC)
657,C([*])C([*])(C(=O)N(C)C)
658,C([*])C([*])(C(=O)N(C(C)C)C(C)C)
659,C([*])C([*])(C(=O)N(C)c1ccccc1)
660,C([*])C([*])(C(=O)Oc2ccc(c1ccccc1)cc2)
661,C([*])C([*])(C(=O)Oc1ccc(C(=O)OCCCC)cc1)
662,C([*])C([*])(C(=O)Oc1ccccc1C(C)(C)C)
663,C([*])C([*])(C(=O)Oc1ccc(C(C)(C)C)cc1)
664,C([*])C([*])(C(=O)OCC(CCl)(CCl)CCl)
665,C([*])C([*])(C(=O)OCCOCCC#N)
666,C([*])C([*])(C(=O)Oc1ccc(C#N)cc1)
667,C([*])C([*])(C(=O)OCc1ccc(C#N)cc1)
668,C([*])C([*])(C(=O)OCC(C)(C)C#N)
669,C([*])C([*])(C(=C)OCC(C#N)CCCCC)
670,C([*])C([*])(C(=C)OCC(C#N)CCCC)
671,C([*])C([*])(C(=O)OCCSC#N)
672,C([*])C([*])(C(=O)OCCSCCCC#N)
673,C([*])C([*])(C(=O)OCCCCCCSCC#N)
674,C([*])C([*])(C(=O)OCCCSCCC#N)
675,C([*])C([*])(C(=O)OCCSCCC#N)
676,C([*])C([*])(C(=O)Oc1cccc(N(C)C)c1)
677,C([*])C([*])(C(=O)OCCCCCCCCCCCC)
678,C([*])C([*])(C(=O)Oc1ccccc1C(=O)OCC)
679,C([*])C([*])(C(=O)Oc1cccc(C(=O)OCC)c1)
680,C([*])C([*])(C(=O)Oc1ccc(C(=O)OCC)cc1)
681,C([*])C([*])(C(=O)OCCOCC)
682,C([*])C([*])(C(=O)OCC(CC)CC)
683,C([*])C([*])(C(=O)OCF)
684,C([*])C([*])(C(=O)OCCOCC(F)(F)C(F)(F)C(F)(F)F)
685,C([*])C([*])(C(=O)OCC(F)(F)C(F)(F)OC(F)(F)F)
686,C([*])C([*])(C(=O)OCCCCCCC)
687,C([*])C([*])(C(=O)OCCCCCCCCCCCCCCCC)
688,C([*])C([*])(C(=O)OCCC(C)OC)
689,C([*])C([*])(C(=O)Oc1ccccc1C(=O)OC)
690,C([*])C([*])(C(=O)Oc1cccc(C(=O)OC)c1)
691,C([*])C([*])(C(=O)Oc1ccc(C(=O)OC)cc1)
692,C([*])C([*])(C(=O)Oc1ccc(OC)cc1)
693,C([*])C([*])(C(=O)OCCCOC)
694,C([*])C([*])(C(=O)OCC(C)CC)
695,C([*])C([*])(C(=O)OCCC(C)C)
696,C([*])C([*])(C(=O)OC(CCC(CC)CCCC)CC(C)C)
697,C([*])C([*])(C(=O)OCC(C)CCC)
698,C([*])C([*])(C(=O)OCC(C)(C)C)
699,C([*])C([*])(C(=O)OCCCCCCCCC)
700,C([*])C([*])(C(=O)OC(C)CCCCCC)
701,C([*])C([*])(C(=O)OC(CC)CC)
702,C([*])C([*])(CC)(C(=O)Oc1ccccc1)
703,C([*])C([*])(C(=O)OCCSC)
704,C([*])C([*])(C(=O)OCCCCSC)
705,C([*])C([*])(C(=O)OCCSCC)
706,C([*])C([*])(C(=O)OCCCSC)
707,C([*])C([*])(C(=O)OC1C=C(C)C=CC1)
708,C([*])C([*])(C(=O)Oc1ccccc1C)
709,C([*])C([*])(C(=O)Oc1ccc(C)cc1)
710,C([*])C([*])(C(=O)OCCOCC(F)(F)F)
711,C([*])C([*])(C(=O)NCCCC)
712,C([*])C([*])(C(=O)NC(C)CCC)
713,C([*])C([*])(C(=O)N1CCOCC1)
714,C([*])C([*])(C(=O)NCCCCCCCCCCCCCCCCCC)
715,C([*])C([*])(C(=O)NN1CCCCC1)
716,C([*])C([*])(C)(C(=O)OCCBr)
717,C([*])C([*])(C)(C(=O)OCCNC(C)(C)C)
718,C([*])C([*])(C)(C(=O)Oc1ccc(C(C)(C)C)cc1)
719,C([*])C([*])(C)(C(=O)OCCCC#N)
720,C([*])C([*])(C)(C(=O)Oc1ccc(CC#N)cc1)
721,C([*])C([*])(C)(C(=O)Oc1ccc(C#N)cc1)
722,C([*])C([*])(C)(C(=O)OC1CCC1)
723,C([*])(C)C([*])(C(=O)OC1CCCCCCC1)
724,C([*])C([*])(C)(C(=O)OCC1CCCCCCC1)
725,C([*])C([*])(C)(C(=O)OC1CCCC1)
726,C([*])C([*])(C)(C(=O)OCCC(C)(C)C)
727,C([*])C([*])(C)(C(=O)OC(C)C(C)(C)C)
728,C([*])C([*])(C)(C(=O)OCC(CC)CCCC)
729,C([*])C([*])(C)(C(=O)OCCS(=O)CC)
730,C([*])C([*])(C(=O)OCC1CO1)
731,C([*])C([*])(C)(C(=O)Oc1ccc(C(=O)OC)cc1)
732,C([*])(C)C([*])(C(=O)OCCN=O)
733,C([*])C([*])(C)(C(=O)OCCOC)
734,C([*])C([*])(C)C(=O)OCCCCC
735,C([*])C([*])(C)(C(=O)OCCCCCCCCCCCCCC)
736,C([*])C([*])(C)(C(=O)OC1CC(C)CC(C)(C)C1)
737,C([*])C([*])(C)(C(=O)OCCC(C)CC(C)(C)C)
738,C([*])C([*])(Cl)(C(=O)OCCCC)
739,C([*])C([*])(Cl)(C(=O)OC(C)CC)
740,C([*])C([*])(Cl)(C(=O)OC1CCCCC1)
741,C([*])C([*])(Cl)(C(=O)OCC(C)C)
742,C([*])C([*])(Cl)(C(=O)OC(C)C)
743,C([*])C([*])(Cl)(C(=O)OC)
744,C([*])C([*])(F)(C(=O)OC)
745,C([*])C([*])(CC1CCCCC1)
746,C([*])C([*])(CC1CCCC1)
747,C([*])C([*])(CCC(C)(C)C)
748,C([*])C([*])(CCCC(C)(C)C)
749,C([*])C([*])(CCCCCC)(CCCCCCCCCC)
750,C([*])C([*])(CCCC(C)C)
751,C([*])C([*])(CCC(C)C)
752,C([*])C([*])(CC(C)(C)C)
753,C([*])C([*])(CCCCCCCCC)
754,C([*])C([*])(CCCCCCCCCCCCCC)
755,C([*])/C=C(C)C([*])
756,C([*])C([*])(c1ccc(C(C)=O)cc1)
757,C([*])C([*])(c2ccc(C(=O)c1ccccc1)cc2)
758,C([*])C([*])(C3=CC(c2ccc(c1ccccc1)cc2)CC=C3)
759,C([*])C([*])(C3=CCC(c2ccc(c1ccccc1)cc2)C=C3)
760,C([*])C([*])(C1=C(OCCCC)C=CC(Br)C1)
761,C([*])C([*])(C1=C(OCC)C=CC(Br)C1)
762,C([*])C([*])(C1=C(OCCC(C)C)C=CC(Br)C1)
763,C([*])C([*])(C1=C(OC(C)C)C=CC(Br)C1)
764,C([*])C([*])(C1=C(OC)C=CC(Br)C1)
765,C([*])C([*])(C1=C(OCCCCC)C=CC(Br)C1)
766,C([*])C([*])(C1=C(OCCC)C=CC(Br)C1)
767,C([*])C([*])(c1ccc(Br)cc1)
768,C([*])C([*])(c1ccccc1C(=O)OCCCC)
769,C([*])C([*])(c1ccc(C(=O)OCCCC)cc1)
770,C([*])C([*])(c1ccccc1COCCCC)
771,C([*])C([*])(c1ccc(COCCCC)cc1)
772,C([*])C([*])(c1ccc(OCCCC)cc1)
773,C([*])C([*])(c1ccc(CCCC)cc1)
774,C([*])C([*])(c1ccc(C(C)CC)cc1)
775,C([*])C([*])(c1ccc(C(=O)CCC)cc1)
776,C([*])C([*])(c1ccccc1C(=O)O)
777,C([*])C([*])(c1ccc(C(=O)O)cc1)
778,C([*])C([*])(c1ccc(Cl)c(F)c1)
779,C([*])C([*])(c1ccc(Cl)cc1C)
780,C([*])C([*])(c1ccc(Cl)c(C)c1)
781,C([*])C([*])(c1cccc(Cl)c1)
782,C([*])C([*])(c1ccc(C#N)cc1)
783,C([*])C([*])(c1ccc(CCCCCCCCCC)cc1)
784,C([*])C([*])(c1ccc(Cl)cc1Cl)
785,C([*])C([*])(c1cc(Cl)ccc1Cl)
786,C([*])C([*])(c1c(Cl)cccc1Cl)
787,C([*])C([*])(c1ccc(Cl)c(Cl)c1)
788,C([*])C([*])(c1ccc(C(=O)N(CC)CC)cc1)
789,C([*])C([*])(c1ccc(F)cc1F)
790,C([*])C([*])(c1cc(C(C)C)ccc1C(C)C)
791,C([*])C([*])(c1ccccc1C(=O)N(C)C)
792,C([*])C([*])(c1ccc(C(=O)N(C)C)cc1)
793,C([*])C([*])(c1ccccc1C(=O)OCCN(C)C)
794,C([*])C([*])(c1ccc(C(=O)OCCN(C)C)cc1)
795,C([*])C([*])(c1cc(C)ccc1C)
796,C([*])C([*])(c1ccc(C)c(C)c1)
797,C([*])C([*])(c1cc(C)cc(C)c1)
798,C([*])C([*])(c1ccc(CCCCCCCCCCCC)cc1)
799,C([*])C([*])(c1ccccc1C(=O)OCC)
800,C([*])C([*])(c1ccc(C(=O)OCC)cc1)
801,C([*])C([*])(c1ccccc1COCC)
802,C([*])C([*])(c1ccc(OCC)cc1)
803,C([*])C([*])(c1ccccc1CC)
804,C([*])C([*])(c1cccc(CC)c1)
805,C([*])C([*])(c1ccc(CC)cc1)
806,C([*])C([*])(c1cc(C)ccc1F)
807,C([*])C([*])(c1ccc(CCCCCCCCCCCCCCCC)cc1)
808,C([*])C([*])(c1ccc(C(=O)CCCCC)cc1)
809,C([*])C([*])(c1ccccc1C(=O)OCCCCCC)
810,C([*])C([*])(c1ccc(C(=O)OCCCCCC)cc1)
811,C([*])C([*])(c1ccc(COCCCCC)cc1)
812,C([*])C([*])(c1ccc(CCCCCC)cc1)
813,C([*])C([*])(c1ccc(COCCCCO)cc1)
814,C([*])C([*])(c1ccc(COCC(O)CC)cc1)
815,C([*])C([*])(c1ccc(C(C)(O)CCC)cc1)
816,C([*])C([*])(c1ccc(C(C)(C)O)cc1)
817,C([*])C([*])(c1ccc(C(C)(O)CCCC)cc1)
818,C([*])C([*])(c1ccc(C(C)(O)CC)cc1)
819,C([*])C([*])(c1ccccc1CO)
820,C([*])C([*])(c1cccc(CO)c1)
821,C([*])C([*])(c1ccc(CO)cc1)
822,C([*])C([*])(c2ccc(C(O)CN1CCOCC1)cc2)
823,C([*])C([*])(c2ccc(C(O)CN1CCCCC1)cc2)
824,C([*])C([*])(c1ccccc1C(=O)OCC(C)C)
825,C([*])C([*])(c1ccc(C(=O)OCC(C)C)cc1)
826,C([*])C([*])(c1ccccc1C(=O)OCCC(C)C)
827,*N(C(=O)C1=C2)C(=O)C1=CC=C2C(=O)C(=CC=C3C4(=O))C=C3C(=O)N4CCC*
828,*N(C1(=O))C(=O)C(=C2)C1=CC(C3(=O))=C2C(=O)N3C(C)COCC(C)*
829,*N(C1(=O))C(=O)C(=C2)C1=CC(C3(=O))=C2C(=O)N3C(C)COCCOCCOC(C)COCC(C)*
830,*N(C(=O)C1=C2)C(=O)C1=CC=C2C(=O)C(=CC=C3C4(=O))C=C3C(=O)N4C(C)COC(C)*
831,*N(C(=O)C1=C2)C(=O)C1=CC=C2OC(=CC=C3C4(=O))C=C3C(=O)N4C(C)COC(C)*
832,*N(C(=O)C1=C2)C(=O)C1=CC=C2OC(=CC=C3C4(=O))C=C3C(=O)N4C(C)COCCOCCOC(C)COC(C)*
833,*N(C(=O)C1=C2)C(=O)C1=CC=C2C(C(F)(F)(F))(C(F)(F)(F))C(=CC=C3C4(=O))C=C3C(=O)N4C(C)COCCOCCOC(C)COC(C)*
834,*N(C(=O)C1=C2)C(=O)C1=CC=C2C(C(F)(F)(F))(C(F)(F)(F))C(=CC=C3C4(=O))C=C3C(=O)N4C(C)COC(C)*
835,*N(C1(=O))C(=O)C(=C2)C1=CC=C2OC(C=C3)=CC=C3C(C)(C)C(C=C4)=CC=C4OC(=C5)C=CC(C6(=O))=C5C(=O)N6C(C=C7)=CC=C7*
836,*C(C=C1)=CC=C1OC(C=C2)=CC=C2C(=O)C(C=C3)=CC=C3O*
837,*CC(C)CC(C)*
838,*N(C1(=O))C(=O)C(=C2)C1=CC(C3(=O))=C2C(=O)N3CCC*
839,*N(C1(=O))C(=O)C(=C2)C1=CC(C3(=O))=C2C(=O)N3C(C)COC(C)*
840,*N(C1(=O))C(=O)C(=C2)C1=CC(C3(=O))=C2C(=O)N3CCCN(C4(=O))C(=O)C(=C5)C4=CC(C6(=O))=C5C(=O)N6C(C)COC(C)*
841,*N(C1(=O))C(=O)C(=C2)C1=CC(C3(=O))=C2C(=O)N3CCCN(C4(=O))C(=O)C(=C5)C4=CC(C6(=O))=C5C(=O)N6C(C)COCCOCCOC(C)COCC(C)*
842,*N(C1(=O))C(=O)C(=C2)C1=CC(C3(=O))=C2C(=O)N3CCCN(C4(=O))C(=O)C(=C5)C4=CC(C6(=O))=C5C(=O)N6C(C)COC(C)*
843,*NC(=S)NC(C=C1)=CC=C1NC(=S)NC(C)COCCOC(C)COCC(C)*
844,*NC(=O)NC(C=C1)=C(C)C=C1NC(=O)NCC*
845,*NC(=O)NC(C=C1)=C(C)C=C1NC(=O)NCC(C)*
846,*NC(=O)NC(C=C1)=C(C)C=C1NC(=O)NCCC*
847,*NC(=O)NC(C=C1)=C(C)C=C1NC(=O)NCCCCCC*
848,*NC(=O)NC(C=C1)=C(C)C=C1NC(=O)NCCOCC*
849,*OC(=O)NC(C=C1)=C(C)C=C1NC(=O)OCC*
850,*OC(=O)NC(C=C1)=C(C)C=C1NC(=O)OCC(C)*
851,*OC(=O)NC(C=C1)=C(C)C=C1NC(=O)OCCC*
852,*OC(=O)NC(C=C1)=C(C)C=C1NC(=O)OCCCCCC*
